Enter password: *********
Welcome to the MySQL monitor.  Commands end with ; or \g.
Your MySQL connection id is 9
Server version: 8.0.40 MySQL Community Server - GPL

Copyright (c) 2000, 2024, Oracle and/or its affiliates.

Oracle is a registered trademark of Oracle Corporation and/or its
affiliates. Other names may be trademarks of their respective
owners.

Type 'help;' or '\h' for help. Type '\c' to clear the current input statement.

mysql> use mysql
Database changed
mysql> show databases;
+--------------------+
| Database           |
+--------------------+
| information_schema |
| mysql              |
| performance_schema |
| shop               |
| sys                |
+--------------------+
5 rows in set (0.01 sec)

mysql> desc o_rollcall;
+--------+-------------+------+-----+---------+-------+
| Field  | Type        | Null | Key | Default | Extra |
+--------+-------------+------+-----+---------+-------+
| rollno | int         | YES  |     | NULL    |       |
| name   | varchar(20) | YES  |     | NULL    |       |
| addr   | varchar(20) | YES  |     | NULL    |       |
+--------+-------------+------+-----+---------+-------+
3 rows in set (0.00 sec)

mysql> show tables;
+------------------------------------------------------+
| Tables_in_mysql                                      |
+------------------------------------------------------+
| columns_priv                                         |
| component                                            |
| db                                                   |
| default_roles                                        |
| department                                           |
| employee                                             |
| engine_cost                                          |
| func                                                 |
| general_log                                          |
| global_grants                                        |
| gtid_executed                                        |
| help_category                                        |
| help_keyword                                         |
| help_relation                                        |
| help_topic                                           |
| innodb_index_stats                                   |
| innodb_table_stats                                   |
| n_rollcall                                           |
| ndb_binlog_index                                     |
| o_rollcall                                           |
| password_history                                     |
| plugin                                               |
| procs_priv                                           |
| proxies_priv                                         |
| replication_asynchronous_connection_failover         |
| replication_asynchronous_connection_failover_managed |
| replication_group_configuration_version              |
| replication_group_member_actions                     |
| role_edges                                           |
| server_cost                                          |
| servers                                              |
| slave_master_info                                    |
| slave_relay_log_info                                 |
| slave_worker_info                                    |
| slow_log                                             |
| student                                              |
| studview                                             |
| tables_priv                                          |
| time_zone                                            |
| time_zone_leap_second                                |
| time_zone_name                                       |
| time_zone_transition                                 |
| time_zone_transition_type                            |
| user                                                 |
+------------------------------------------------------+
44 rows in set (0.01 sec)


mysql>
mysql> delimiter //
mysql> create procedure p(in r1 int)
    -> begin
    -> declare r2 int;
    -> declare exit_loop boolean;
    -> declare c1 cursor for select rollno from o_rollcall where rollno>r1;
    -> declare continue handler for not found set exit_loop=true;
    -> open c1;
    -> e_loop: loop
    -> fetch c1 into r2;
    -> if not exists(select * from n_rollcall where rollno=r2)
    -> then
    -> insert into n_rollcall select * from o_rollcall where rollno=r2;
    -> end if;
    -> if exit_loop
    -> then
    -> close c1
    -> ;
    -> leave e_loop;
    -> end if;
    -> end loop e_loop;
    -> end
    -> //
Query OK, 0 rows affected (0.02 sec)

mysql> call p(0);
    -> //
Query OK, 0 rows affected (0.02 sec)

mysql> select * from n_rollcall;
    -> //
+--------+--------+--------+
| rollno | name   | addr   |
+--------+--------+--------+
|     10 | gaurav | pune   |
|     20 | vrush  | pune   |
|     30 | ABC    | mumbai |
|     40 | XYZ    | goa    |
+--------+--------+--------+
4 rows in set (0.00 sec)

mysql> select * from o_rollcall;
    -> //
+--------+--------+--------+
| rollno | name   | addr   |
+--------+--------+--------+
|     10 | gaurav | pune   |
|     20 | vrush  | pune   |
|     30 | ABC    | mumbai |
|     40 | XYZ    | goa    |
+--------+--------+--------+
4 rows in set (0.00 sec)

mysql> call p(0);
    -> //
Query OK, 0 rows affected (0.00 sec)

mysql> select * from n_rollcall;
    -> //
+--------+--------+--------+
| rollno | name   | addr   |
+--------+--------+--------+
|     10 | gaurav | pune   |
|     20 | vrush  | pune   |
|     30 | ABC    | mumbai |
|     40 | XYZ    | goa    |
+--------+--------+--------+
4 rows in set (0.00 sec)

mysql> insert into o_rollcall values(50,'PQR','PCMC');
    -> //
Query OK, 1 row affected (0.01 sec)

mysql> delimiter ;
mysql> ;
ERROR:
No query specified

mysql> select * from n_rollcall;
+--------+--------+--------+
| rollno | name   | addr   |
+--------+--------+--------+
|     10 | gaurav | pune   |
|     20 | vrush  | pune   |
|     30 | ABC    | mumbai |
|     40 | XYZ    | goa    |
+--------+--------+--------+
4 rows in set (0.00 sec)

mysql> select * from o_rollcall;
+--------+--------+--------+
| rollno | name   | addr   |
+--------+--------+--------+
|     10 | gaurav | pune   |
|     20 | vrush  | pune   |
|     30 | ABC    | mumbai |
|     40 | XYZ    | goa    |
|     50 | PQR    | PCMC   |
+--------+--------+--------+
5 rows in set (0.00 sec)

mysql> call p(4);
Query OK, 0 rows affected (0.01 sec)

mysql> select * from n_rollcall;
+--------+--------+--------+
| rollno | name   | addr   |
+--------+--------+--------+
|     10 | gaurav | pune   |
|     20 | vrush  | pune   |
|     30 | ABC    | mumbai |
|     40 | XYZ    | goa    |
|     50 | PQR    | PCMC   |
+--------+--------+--------+
5 rows in set (0.00 sec)

mysql> call p(5);
Query OK, 0 rows affected (0.00 sec)

mysql> select * from n_rollcall;
+--------+--------+--------+
| rollno | name   | addr   |
+--------+--------+--------+
|     10 | gaurav | pune   |
|     20 | vrush  | pune   |
|     30 | ABC    | mumbai |
|     40 | XYZ    | goa    |
|     50 | PQR    | PCMC   |
+--------+--------+--------+
5 rows in set (0.00 sec)

mysql> call p(2);
Query OK, 0 rows affected (0.00 sec)

mysql> select * from n_rollcall;
+--------+--------+--------+
| rollno | name   | addr   |
+--------+--------+--------+
|     10 | gaurav | pune   |
|     20 | vrush  | pune   |
|     30 | ABC    | mumbai |
|     40 | XYZ    | goa    |
|     50 | PQR    | PCMC   |
+--------+--------+--------+
5 rows in set (0.00 sec)

mysql>
